Column,LatLong,Latitude,Longitude,City,cityURI,County,countyQID,State,stateQID
0,32.7457 -101.9396,32.7457,-101.9396,Lamesa,Q970422,Dawson County,Q110670,Texas,Q1439
216,-83.49 31.27,31.27,-83.49,,,Cook County,Q156431,Georgia,Q1428
228,32.73646 -101.95209,32.7365,-101.9521,Lamesa,Q970422,Dawson County,Q110670,Texas,Q1439
380,30.8443 -88.5703,30.8443,-88.5703,Agricola,Q4693850,George County,Q485445,Mississippi,Q1494
407,30.47555 -96.63951,30.4756,-96.6395,,,Burleson County,Q108821,Texas,Q1439
442,30.49031 -96.46397,30.4903,-96.464,Snook,Q977497,Burleson County,Q108821,Texas,Q1439
454,26.15929 -97.99066,26.1593,-97.9907,Weslaco,Q976553,Hidalgo County,Q26519,Texas,Q1439
915,27.79641 -97.40356,27.7964,-97.4036,Corpus Christi,Q49242,Nueces River,Q1468723,Texas,Q1439
1303,34.18859 -101.95293,34.1886,-101.9529,Halfway,Q720975,Hale County,Q111622,Texas,Q1439
1389,33.58451 -101.84501,33.5845,-101.845,Lubbock,Q49273,Lubbock County,Q111790,Texas,Q1439
1689,31.42539 -103.49411,31.4254,-103.4941,Pecos,Q978232,Reeves County,Q112550,Texas,Q1439
1843,33.9467 -113.2328,33.9467,-113.2328,,,Maricopa County,Q58691,Arizona,Q816
1866,35.8356 -89.127245,35.8356,-89.1272,,,Crockett County,Q495022,Tennessee,Q1509
1932,36.06552 -88.9931,36.0655,-88.9931,,,Dyer County,Q495078,Tennessee,Q1509
1991,32.30341 -100.40571,32.3034,-100.4057,,,Nolan County,Q114026,Texas,Q1439
2003,32.30341 -100.405705,32.3034,-100.4057,,,Nolan County,Q114026,Texas,Q1439
2012,31.31266 -92.44568,31.3127,-92.4457,Alexandria,Q985351,Rapides Parish,Q503870,Louisiana,Q1588
3222,31.869205 -101.520035,31.8692,-101.52,,,Glasscock County,Q109293,Texas,Q1439
3265,34.63783 -99.33326,34.6378,-99.3333,Altus,Q446314,Jackson County,Q485030,Oklahoma,Q1649
3382,35.05052 -89.1869,35.0505,-89.1869,Grand Junction,Q3292509,Fayette County,Q502360,Tennessee,Q1509
3418,35.0447 -89.2426,35.0447,-89.2426,La Grange,Q595837,Fayette County,Q502360,Tennessee,Q1509
3663,35.152685 -86.570514,35.1527,-86.5705,,,Fayette County,Q502360,Tennessee,Q1509
3693,35.15874 -90.02521,35.1587,-90.0252,La Grange,Q595837,Fayette County,Q502360,Tennessee,Q1509
3726,35.20431 -89.43055,35.2043,-89.4306,,,Fayette County,Q502360,Tennessee,Q1509
3774,35.213315 -88.990025,35.2133,-88.99,,,Hardeman County,Q502437,Tennessee,Q1509
3788,31.75059 -82.29764,31.7506,-82.2976,,,Appling County,Q488186,Georgia,Q1428
3804,32.842918 -104.397552,32.8429,-104.3976,Artesia,Q707902,Eddy County,Q485245,New Mexico,Q1522
3817,32.84292 -104.39755,32.8429,-104.3976,Artesia,Q707902,Eddy County,Q485245,New Mexico,Q1522
3960,33.2023 -91.80056,33.2023,-91.8006,,,Ashley County,Q61026,Arkansas,Q1612
3990,33.95813 -83.37325,33.9581,-83.3733,Athens,Q203263,Clarke County,Q112061,Georgia,Q1428
4569,31.07874 -92.03204,31.0787,-92.032,,,Avoyelles Parish,Q504435,Louisiana,Q1588
4638,34.09239 -102.82992,34.0924,-102.8299,,,Bailey County,Q107973,Texas,Q1439
4646,30.855 -84.56803,30.855,-84.568,,,Decatur,Q79324,Georgia,Q1428
5069,30.90617 -84.57564,30.9062,-84.5756,Bainbridge,Q788794,Decatur,Q79324,Georgia,Q1428
5281,33.23754 -81.10489,33.2375,-81.1049,,,Bamberg County,Q497890,South Carolina,Q1456
5288,33.113005 -86.583614,33.113,-86.5836,,,Shelby County,Q501084,Alabama,Q173
5300,33.38599 -81.37849,33.386,-81.3785,,,Barnwell County,Q497917,South Carolina,Q1456
5372,35.5377 -90.1329,35.5377,-90.1329,,,Mississippi County,Q61157,Arkansas,Q1612
5382,34.475424 -79.45041,34.4754,-79.4504,,,Dillon County,Q502404,South Carolina,Q1456
5392,34.50831 -79.4756,34.5083,-79.4756,,,Dillon County,Q502404,South Carolina,Q1456
5402,35.87884 -90.66678,35.8788,-90.6668,,,Craighead County,Q61354,Arkansas,Q1612
5417,28.76335 -96.10286,28.7634,-96.1029,,,Matagorda County,Q485910,Texas,Q1439
5442,35.61047 -76.71772,35.6105,-76.7177,,,Beaufort County,Q484639,North Carolina,Q1454
5460,35.26933 -99.680185,35.2693,-99.6802,,,Beckham County,Q491646,Oklahoma,Q1649
5467,32.729891 -93.838996,32.7299,-93.839,,,Caddo Parish,Q177562,Louisiana,Q1588
5477,35.38415 -76.19376,35.3842,-76.1938,,,Hyde County,Q511659,North Carolina,Q1454
5487,34.65659 -86.8793,34.6566,-86.8793,Belle Mina,Q4883662,Limestone County,Q501108,Alabama,Q173
6351,33.64946 -89.3116,33.6495,-89.3116,Bellefontaine,Q4883756,Webster County,Q486435,Mississippi,Q1494
6362,33.1847 -90.489594,33.1847,-90.4896,Belzoni,Q792601,Humphreys County,Q130009,Mississippi,Q1494
6373,33.1944 -90.5433,33.1944,-90.5433,Belzoni,Q792601,Humphreys County,Q130009,Mississippi,Q1494
6393,33.69927 -88.66764,33.6993,-88.6676,Strong,Q11218147,Monroe County,Q491276,Mississippi,Q1494
6405,33.79675 -88.66684,33.7968,-88.6668,Prairie,Q7237807,Monroe County,Q491276,Mississippi,Q1494
6425,31.74284 -83.22302,31.7428,-83.223,,,Ben Hill County,Q111867,Georgia,Q1428
6445,36.76994 -77.15848,36.7699,-77.1585,Southampton County,Q337915,Southampton County,Q337915,Virginia,Q1370
6490,34.64201 -102.72443,34.642,-102.7244,Friona,Q978903,Parmer County,Q484521,Texas,Q1439
6496,31.25955 -83.23587,31.2596,-83.2359,,,Berrien County,Q488868,Georgia,Q1428
6523,36.029405 -76.967055,36.0294,-76.9671,,,Bertie County,Q504335,North Carolina,Q1454
6804,36.06929 -76.96548,36.0693,-76.9655,,,Bertie County,Q504335,North Carolina,Q1454
6895,29.47197 -98.75743,29.472,-98.7574,,,Bexar County,Q16861,Texas,Q1439
6906,33.23454 -88.5828,33.2345,-88.5828,Brooksville,Q892252,Noxubee County,Q490215,Mississippi,Q1494
7636,31.3098 -84.92583,31.3098,-84.9258,,,Early County,Q486757,Georgia,Q1428
7660,33.860795 -101.2423,33.8608,-101.2423,,,Floyd County,Q110528,Texas,Q1439
7690,33.14797 -96.24583,33.148,-96.2458,,,Floyd County,Q110528,Texas,Q1439
7746,33.61039 -114.59884,33.6104,-114.5988,Blythe,Q886915,Riverside County,Q108111,California,Q99
7756,35.959 -89.9709,35.959,-89.9709,Blytheville,Q79401,Mississippi County,Q61157,Arkansas,Q1612
7773,34.07421 -90.75974,34.0742,-90.7597,,,Bolivar County,Q115356,Mississippi,Q1494
7783,32.349731 -90.459869,32.3497,-90.4599,Bolton,Q891642,Hinds County,Q486538,Mississippi,Q1494
7794,35.39972 -119.4659,35.3997,-119.4659,Buttonwillow,Q2347141,Kern County,Q108047,California,Q99
7802,32.41703 -93.640822,32.417,-93.6408,,,Bossier Parish,Q498042,Louisiana,Q1588
7812,32.51594 -93.73538,32.5159,-93.7354,Bossier City,Q877897,Bossier Parish,Q498042,Louisiana,Q1588
8280,32.66684 -93.61361,32.6668,-93.6136,,,Bossier Parish,Q498042,Louisiana,Q1588
8290,34.19457 -90.56492,34.1946,-90.5649,Clarksdale,Q990145,Coahoma County,Q156575,Mississippi,Q1494
8704,31.3598 -92.71893,31.3598,-92.7189,,,Rapides Parish,Q503870,Louisiana,Q1588
8714,35.199195 -89.414045,35.1992,-89.414,,,Fayette County,Q502360,Tennessee,Q1509
8855,35.13938 -86.58372,35.1394,-86.5837,,,Lincoln County,Q490322,Tennessee,Q1509
8899,30.82018 -96.30589,30.8202,-96.3059,,,Brazos County,Q26601,Texas,Q1439
8920,34.47133 -101.30419,34.4713,-101.3042,,,Briscoe County,Q109165,Texas,Q1439
8936,33.18516 -90.48961,33.1852,-90.4896,Belzoni,Q792601,Humphreys County,Q130009,Mississippi,Q1494
8947,33.468 -112.4787,33.468,-112.4787,Buckeye,Q986528,Maricopa County,Q58691,Arizona,Q816
8958,33.07347 -82.00608,33.0735,-82.0061,,,Burke County,Q211360,Georgia,Q1428
9004,30.52618 -96.6584,30.5262,-96.6584,,,Burleson County,Q108821,Texas,Q1439
9014,29.38363 -99.0517,29.3836,-99.0517,,,Medina County,Q110421,Texas,Q1439
9023,32.9838 -90.58738,32.9838,-90.5874,Louise,Q2425044,Humphreys County,Q130009,Mississippi,Q1494
9076,32.96331 -93.9689,32.9633,-93.9689,,,Caddo Parish,Q177562,Louisiana,Q1588
9167,32.7524 -93.83407,32.7524,-93.8341,Belcher,Q2924084,Caddo Parish,Q177562,Louisiana,Q1588
9177,32.63917 -93.90545,32.6392,-93.9055,,,Caddo Parish,Q177562,Louisiana,Q1588
9187,32.82686 -93.84489,32.8269,-93.8449,Gilliam,Q1835764,Caddo Parish,Q177562,Louisiana,Q1588
9197,35.09758 -98.43686,35.0976,-98.4369,Fort Cobb,Q1826591,Caddo Parish,Q177562,Oklahoma,Q1649
9268,34.42937 -100.21081,34.4294,-100.2108,,,Childress County,Q109751,Texas,Q1439
9275,30.87322 -84.23627,30.8732,-84.2363,,,Grady County,Q492061,Georgia,Q1428
9287,33.683029 -88.323631,33.683,-88.3236,Caledonia,Q594529,Lowndes County,Q490879,Mississippi,Q1494
9297,33.6943 -88.3042,33.6943,-88.3042,Caledonia,Q594529,Lowndes County,Q490879,Mississippi,Q1494
9307,33.68952 -80.81127,33.6895,-80.8113,,,Calhoun County,Q489377,South Carolina,Q1456
9526,34.69264 -82.83234,34.6926,-82.8323,,,Calhoun County,Q489377,South Carolina,Q1456
9536,33.663849 -80.776268,33.6639,-80.7763,St. Matthews,Q1193941,Calhoun County,Q489377,South Carolina,Q1456
9621,28.53535 -96.62067,28.5354,-96.6207,,,Calhoun County,Q489377,Texas,Q1439
9641,28.68148 -96.50072,28.6815,-96.5007,,,Calhoun County,Q489377,Texas,Q1439
9671,26.14149 -97.58652,26.1415,-97.5865,,,Cameron County,Q27051,Texas,Q1439
9689,30.85319 -96.97684,30.8532,-96.9768,,,Cameron County,Q27051,Texas,Q1439
9705,32.41012 -82.06437,32.4101,-82.0644,,,Candler County,Q488224,Georgia,Q1428
9714,32.022579 -90.782547,32.0226,-90.7825,Carlisle,Q14693154,Claiborne County,Q492488,Mississippi,Q1494
9722,35.970605 -88.442295,35.9706,-88.4423,,,Carroll County,Q494905,Tennessee,Q1509
9752,35.72164 -88.84112,35.7216,-88.8411,,,Carroll County,Q494905,Tennessee,Q1509
9826,35.56923 -101.17293,35.5692,-101.1729,,,Carson County,Q109155,Texas,Q1439
9842,30.21411 -91.70986,30.2141,-91.7099,,,Catahoula,Q3887862,Louisiana,Q1588
9863,32.64302 -93.90572,32.643,-93.9057,,,Caddo Parish,Q177562,Louisiana,Q1588
9874,33.10576 -88.56112,33.1058,-88.5611,Macon,Q2005266,Noxubee County,Q490215,Mississippi,Q1494
9884,31.174062 -92.405889,31.1741,-92.4059,,,Rapides Parish,Q503870,Louisiana,Q1588
9894,33.203 -101.8439,33.203,-101.8439,Tahoka,Q982084,Lynn County,Q114323,Texas,Q1439
9902,36.32437 -90.07219,36.3244,-90.0722,,,Dunklin County,Q430938,Missouri,Q1581
10183,32.90062 -91.04954,32.9006,-91.0495,Mayersville,Q2387079,Issaquena County,Q490839,Mississippi,Q1494
10203,35.53546 -88.53785,35.5355,-88.5379,,,Chester County,Q494799,Tennessee,Q1509
10225,35.58372 -89.27934,35.5837,-89.2793,,,Haywood County,Q502069,Tennessee,Q1509
10240,32.72662 -102.64505,32.7266,-102.645,Seminole,Q502024,Gaines County,Q109836,Texas,Q1439
10256,"35.93782,-89.62326",35.9378,-89.6233,Chic,Q116535262,Dyer County,Q495078,Tennessee,Q1509
10322,35.0527 -97.9361,35.0527,-97.9361,Chickasha,Q2794790,Grady County,Q484600,Oklahoma,Q1649
10356,33.29484 -91.3067,33.2948,-91.3067,,,Chicot County,Q61458,Arkansas,Q1612
10377,34.25829 -99.5162,34.2583,-99.5162,Chillicothe,Q975508,Hardeman County,Q109317,Texas,Q1439
10460,34.22659 -102.7244,34.2266,-102.7244,Muleshoe,Q982501,Bailey County,Q107973,Texas,Q1439
10468,33.65161 -90.20866,33.6516,-90.2087,Money,Q11013713,Leflore County,Q497607,Mississippi,Q1494
10488,35.61256 -88.84104,35.6126,-88.841,,,Madison County,Q494755,Tennessee,Q1509
10822,28.96917 -96.623825,28.9692,-96.6238,,,Jackson County,Q485030,Texas,Q1439
10832,34.52467 -90.45637,34.5247,-90.4564,Dundee,Q5314785,Tunica County,Q484668,Mississippi,Q1494
10872,33.68511 -87.82897,33.6851,-87.829,,,Fayette County,Q493957,Alabama,Q173
10886,33.685115 -87.828978,33.6851,-87.829,,,Fayette County,Q493957,Alabama,Q173
10894,31.99062 -91.30483,31.9906,-91.3048,,,Tensas Parish,Q512911,Louisiana,Q1588
10903,32.90571 -90.88026,32.9057,-90.8803,Rolling Fork,Q772856,Sharkey County,Q497992,Mississippi,Q1494
11130,35.221 -90.3242,35.221,-90.3242,Clarkedale,Q79659,Crittenden County,Q61346,Arkansas,Q1612
11140,36.45503 -89.96719,36.455,-89.9672,Clarkton,Q963794,Dunklin County,Q430938,Missouri,Q1581
11204,36.281035 -90.65099,36.281,-90.651,,,Clay County,Q61330,Arkansas,Q1612
11225,31.828 -91.4836,31.828,-91.4836,Clayton,Q1856733,Concordia Parish,Q509745,Louisiana,Q1588
11235,34.516911 -79.472687,34.5169,-79.4727,Minturn,Q22073116,Dillon County,Q502404,South Carolina,Q1456
11318,34.08923 -80.16127,34.0892,-80.1613,Elliott,Q27988776,Lee County,Q304065,South Carolina,Q1456
11590,34.405231 -103.205338,34.4052,-103.2053,Clovis,Q985559,Curry County,Q484496,New Mexico,Q1522
11645,32.2528 -109.8317,32.2528,-109.8317,Willcox,Q79450,Cochise County,Q58774,Arizona,Q816
11653,34.36912 -101.74971,34.3691,-101.7497,Kress,Q970226,Swisher County,Q112882,Texas,Q1439
11670,32.91516 -102.41705,32.9152,-102.4171,Loop,Q982276,Gaines County,Q109836,Texas,Q1439
11678,33.97723 -89.6756,33.9772,-89.6756,Coffeeville,Q2283243,Yalobusha County,Q486480,Mississippi,Q1494
11698,33.78398 -89.81,33.784,-89.81,Grenada,Q985543,Grenada County,Q490869,Mississippi,Q1494
11718,30.62054 -96.3259,30.6205,-96.3259,College Station,Q695511,Brazos County,Q26601,Texas,Q1439
12043,29.67888 -96.56011,29.6789,-96.5601,,,Colorado,Q5148681,Texas,Q1439
12064,29.70917 -96.48645,29.7092,-96.4865,,,Colorado,Q5148681,Texas,Q1439
12094,31.18318 -83.76742,31.1832,-83.7674,,,Colquitt County,Q113005,Georgia,Q1428
12112,33.25044 -95.89819,33.2504,-95.8982,Commerce,Q979151,Hunt,Q5943840,Texas,Q1439
12193,31.53504 -99.71087,31.535,-99.7109,,,Concho County,Q109795,Texas,Q1439
12205,31.51707 -91.62435,31.5171,-91.6244,,,Concordia Parish,Q509745,Louisiana,Q1588
12300,36.0804 -119.5399,36.0804,-119.5399,Corcoran,Q913487,Kings County,Q156358,California,Q99
12307,31.92731 -83.78169,31.9273,-83.7817,,,Crisp County,Q156486,Georgia,Q1428
12331,33.58733 -102.37855,33.5873,-102.3786,Levelland,Q970608,Hockley,Q3477808,Texas,Q1439
12342,27.79641 -97.403564,27.7964,-97.4036,Corpus Christi,Q49242,Aransas County,Q107982,Texas,Q1439
12352,27.8002 -97.396,27.8002,-97.396,Corpus Christi,Q49242,Nueces River,Q1468723,Texas,Q1439
12460,35.03 -91.2263,35.03,-91.2263,Cotton Plant,,Woodruff County,Q61204,Arkansas,Q1612
12477,37.22256 -96.86106,37.2226,-96.8611,,,Cowley County,Q376464,Kansas,Q1558
12519,35.848105 -90.661825,35.8481,-90.6618,,,Craighead County,Q61354,Arkansas,Q1612
12550,33.44899 -99.62335,33.449,-99.6234,Munday,Q982249,Knox County,Q110570,Texas,Q1439
12560,35.19859 -90.27208,35.1986,-90.2721,,,Crittenden County,Q61346,Arkansas,Q1612
12570,36.32622 -89.02342,36.3262,-89.0234,,,Crockett County,Q495022,Tennessee,Q1509
12622,33.68513 -101.38359,33.6851,-101.3836,,,Crosby County,Q109279,Texas,Q1439
12639,33.67466 -101.3878,33.6747,-101.3878,Ralls,Q982269,Crosby County,Q109279,Texas,Q1439
12668,37.63067 -98.9049,37.6307,-98.9049,Cullison,Q2422215,Pratt County,Q374604,Kansas,Q1558
12682,34.628414 -103.391315,34.6284,-103.3913,,,Curry County,Q484496,New Mexico,Q1522
12706,35.638565 -99.000095,35.6386,-99.0001,,,Custer County,Q490716,Oklahoma,Q1649
12713,35.614249 -98.659281,35.6142,-98.6593,,,Harmon County,Q486626,Oklahoma,Q1649
12723,33.6408 -90.34749,33.6408,-90.3475,Schlater,Q263048,Leflore County,Q497607,Mississippi,Q1494
12788,34.54383 -101.77568,34.5438,-101.7757,Tulia,Q974357,Swisher County,Q112882,Texas,Q1439
12818,35.41228 -99.41723,35.4123,-99.4172,Elk City,Q1007885,Beckham County,Q491646,Oklahoma,Q1649
12824,32.04915 -96.45899,32.0492,-96.459,,,Navarro County,Q112603,Texas,Q1439
12850,28.395565 -96.626425,28.3956,-96.6264,,,Calhoun County,Q489377,Texas,Q1439
12860,34.3281 -79.8445,34.3281,-79.8445,Darlington,Q428231,Darlington County,Q502285,South Carolina,Q1456
12867,34.44201 -79.88049,34.442,-79.8805,,,Darlington County,Q502285,South Carolina,Q1456
13061,35.21551 -99.86661,35.2155,-99.8666,Erick,Q612755,Beckham County,Q491646,Oklahoma,Q1649
13069,32.29869 -90.18049,32.2987,-90.1805,Mississippi State,Q15253671,Oktibbeha County,Q497615,Mississippi,Q1494
13079,33.46592 -88.81288,33.4659,-88.8129,Starkville,Q770470,Oktibbeha County,Q497615,Mississippi,Q1494
13410,31.39591 -100.68955,31.3959,-100.6896,,,Tom Green County,Q113396,Texas,Q1439
13570,34.43014 -90.21792,34.4301,-90.2179,Sledge,Q2034205,Quitman County,Q490266,Mississippi,Q1494
13591,32.742575 -101.948445,32.7426,-101.9484,,,Dawson County,Q110670,Texas,Q1439
13615,32.92975 -102.12779,32.9298,-102.1278,,,Dawson County,Q110670,Texas,Q1439
13648,31.77901 -84.42712,31.779,-84.4271,,,Terrell County,Q503492,Georgia,Q1428
13660,29.08966 -97.34631,29.0897,-97.3463,,,DeWitt County,Q26712,Texas,Q1439
13670,31.17837 92.38629,31.1784,-92.3863,,,Rapides Parish,Q503870,Louisiana,Q1588
13691,30.86366 -84.57318,30.8637,-84.5732,,,Decatur,Q79324,Georgia,Q1428
13707,31.22886 -92.5493,31.2289,-92.5493,,,Rapides Parish,Q503870,Louisiana,Q1588
13749,33.4064 -90.3812,33.4064,-90.3812,Itta Bena,Q867490,Leflore County,Q497607,Mississippi,Q1494
13783,33.42258 -90.91736,33.4226,-90.9174,Stoneville,Q7619339,Washington County,Q484643,Mississippi,Q1494
14334,33.81337 -91.31035,33.8134,-91.3104,,,Desha County,Q61029,Arkansas,Q1612
14354,29.08587 -97.35285,29.0859,-97.3529,,,DeWitt County,Q26712,Texas,Q1439
14364,29.1021 -97.32836,29.1021,-97.3284,,,DeWitt County,Q26712,Texas,Q1439
14384,34.38945 -79.36016,34.3895,-79.3602,,,Dillon County,Q502404,South Carolina,Q1456
14532,34.41709 -79.3708,34.4171,-79.3708,,,Dillon County,Q502404,South Carolina,Q1456
14542,34.51691 -79.47269,34.5169,-79.4727,Minturn,Q22073116,Dillon County,Q502404,South Carolina,Q1456
14755,35.25998 -91.21984,35.26,-91.2198,Little Dixie,Q14681160,Woodruff County,Q61204,Arkansas,Q1612
14773,34.14645 -99.21404,34.1465,-99.214,,,Wilbarger County,Q114339,Texas,Q1439
14780,32.30606 -101.43472,32.3061,-101.4347,,,Howard County,Q111380,Texas,Q1439
14793,35.110945 -77.06336,35.1109,-77.0634,,,Craven County,Q529958,North Carolina,Q1454
14803,33.59677 -91.73926,33.5968,-91.7393,,,Drew County,Q61478,Arkansas,Q1612
14823,34.66145 -99.56224,34.6615,-99.5622,East Duke,Q1907688,Jackson County,Q485030,Oklahoma,Q1649
14830,35.39578 -100.80281,35.3958,-100.8028,,,Gray County,Q109312,Texas,Q1439
14842,35.42766 -101.32551,35.4277,-101.3255,,,Carson County,Q109155,Texas,Q1439
14854,32.31126 -91.68543,32.3113,-91.6854,,,Franklin Parish,Q504391,Louisiana,Q1588
14875,34.5101 -90.44211,34.5101,-90.4421,,,Tunica County,Q484668,Mississippi,Q1494
14905,33.1176 -89.8753,33.1176,-89.8753,Durant,Q798425,Holmes County,Q485426,Mississippi,Q1494
14915,36.215795 -86.834325,36.2158,-86.8343,,,Dyer County,Q495078,Tennessee,Q1509
15037,31.3171 -84.91275,31.3171,-84.9128,,,Early County,Q486757,Georgia,Q1428
15057,32.75437 -91.23179,32.7544,-91.2318,,,East Carroll Parish,Q505505,Louisiana,Q1588
15108,30.7095 -82.92278,30.7095,-82.9228,,,Echols County,Q493029,Georgia,Q1428
15119,26.14169 -97.58428,26.1417,-97.5843,,,Cameron County,Q27051,Texas,Q1439
15129,35.915845 -77.585415,35.9158,-77.5854,,,Edgecombe County,Q118127,North Carolina,Q1454
15290,35.89871 -77.6163,35.8987,-77.6163,,,Edgecombe County,Q118127,North Carolina,Q1454
15341,32.5623 -80.3136,32.5623,-80.3136,Edisto Beach,Q1903825,Colleton County,Q502473,South Carolina,Q1456
15345,33.56749 -80.9248,33.5675,-80.9248,,,Orangeburg County,Q506068,South Carolina,Q1456
15364,34.9989 -90.3471,34.9989,-90.3471,Edmondson,Q2660653,Crittenden County,Q61346,Arkansas,Q1612
15373,32.3311 -90.60536,32.3311,-90.6054,Edwards,Q1925376,Hinds County,Q486538,Mississippi,Q1494
15414,32.32085 -81.32324,32.3209,-81.3232,,,Effingham County,Q156637,Georgia,Q1428
15428,32.49433 -96.64044,32.4943,-96.6404,,,Ellis County,Q110130,Texas,Q1439
15439,34.44251 -88.84145,34.4425,-88.8415,Ellistown,Q16890989,Tishomingo County,Q112834,Mississippi,Q1494
15479,32.75242 -111.55555,32.7524,-111.5556,Eloy,Q80072,Pinal County,Q58712,Arizona,Q816
15489,32.806 -111.5034,32.806,-111.5034,,,Pinal County,Q58712,Arizona,Q816
15513,35.50823 -75.99707,35.5082,-75.9971,"Engelhard, North Carolina",Q3304453,Hyde County,Q511659,North Carolina,Q1454
15523,33.54077 -89.26799,33.5408,-89.268,Eupora,Q578038,Webster County,Q486435,Mississippi,Q1494
15563,33.94185 -89.32385,33.9419,-89.3239,,,Webster County,Q486435,Mississippi,Q1494
15583,32.413898 -85.728466,32.4139,-85.7285,,,Macon County,Q502777,Alabama,Q173
15606,32.16316 -81.89437,32.1632,-81.8944,,,Evans County,Q493044,Georgia,Q1428
15659,30.53635 -87.8862,30.5364,-87.8862,Fairhope,Q79502,Baldwin County,Q156163,Alabama,Q173
16217,34.43564 -102.942658,34.4356,-102.9427,,,Parmer County,Q484521,Texas,Q1439
16245,32.16731 91.83295,32.1673,-91.833,,,Franklin Parish,Q504391,Louisiana,Q1588
16254,36.74068 -119.78573,36.7407,-119.7857,,,Fresno County,Q271915,California,Q99
16270,34.04972 -79.73923,34.0497,-79.7392,,,Florence County,Q505987,South Carolina,Q1456
16393,34.071515 -101.30308,34.0715,-101.3031,,,Floyd County,Q110528,Texas,Q1439
16415,34.12307 -101.44384,34.1231,-101.4438,,,Floyd County,Q110528,Texas,Q1439
16434,33.98548 -101.3419,33.9855,-101.3419,Floydada,Q975828,Floyd County,Q110528,Texas,Q1439
16490,34.9456 -90.8196,34.9456,-90.8196,,,St. Francis County,Q61145,Arkansas,Q1612
16540,29.62554 -95.73589,29.6255,-95.7359,,,Fort Bend County,Q26895,Texas,Q1439
16561,29.83399 -95.43424,29.834,-95.4342,,,Fort Bend County,Q26895,Texas,Q1439
16579,32.13327 -91.67663,32.1333,-91.6766,,,Franklin Parish,Q504391,Louisiana,Q1588
16620,31.203515 -92.526735,31.2035,-92.5267,,,Rapides Parish,Q503870,Louisiana,Q1588
16640,34.364761 -90.639236,34.3648,-90.6392,Friars Point,Q2113775,Coahoma County,Q156575,Mississippi,Q1494
16648,30.47342 -83.87784,30.4734,-83.8778,,,Jefferson County,Q488859,Florida,Q812
16658,35.7581 -89.5415,35.7581,-89.5415,Ripley,Q1929828,Lauderdale County,Q502364,Tennessee,Q1509
16740,31.86404 -101.48055,31.864,-101.4806,Garden City,Q3025151,Glasscock County,Q109293,Texas,Q1439
16772,36.45355 -76.73194,36.4536,-76.7319,,,Gates County,Q509838,North Carolina,Q1454
16784,36.5036 -76.7688,36.5036,-76.7688,,,Gates County,Q509838,North Carolina,Q1454
16796,36.424185 -76.702195,36.4242,-76.7022,,,Gates County,Q509838,North Carolina,Q1454
16806,34.69019 -90.38269,34.6902,-90.3827,Tunica,Q658447,Tunica County,Q484668,Mississippi,Q1494
17147,35.8758 -88.84639,35.8758,-88.8464,,,Gibson County,Q502442,Tennessee,Q1509
17157,36.00696 -88.949345,36.007,-88.9493,,,Gibson County,Q502442,Tennessee,Q1509
17607,"35.55246,-89.57626",35.5525,-89.5763,Gift,Q116535263,Tipton County,Q474999,Tennessee,Q1509
17702,33.177805 -99.731345,33.1778,-99.7313,,,Haskell County,Q112768,Texas,Q1439
17710,33.39748 -93.43489,33.3975,-93.4349,Gin City,Q18326175,Lafayette County,Q61167,Arkansas,Q1612
17736,31.86433 -101.49375,31.8643,-101.4938,,,Glasscock County,Q109293,Texas,Q1439
17773,33.83246 -90.29789,33.8325,-90.2979,Glendora,Q2400426,Tallahatchie County,Q490251,Mississippi,Q1494
17813,33.84005 -90.297173,33.8401,-90.2972,Glendora,Q2400426,Tallahatchie County,Q490251,Mississippi,Q1494
17822,31.813711 -91.368898,31.8137,-91.3689,,,Tensas Parish,Q512911,Louisiana,Q1588
17843,33.4037 -112.4034,33.4037,-112.4034,,,Maricopa County,Q58691,Arizona,Q816
17877,33.4363 -112.35831,33.4363,-112.3583,Goodyear,Q79457,Maricopa County,Q58691,Arizona,Q816
17896,34.0297 -91.5376,34.0297,-91.5376,Gould,Q79495,Lincoln County,Q61294,Arkansas,Q1612
17912,32.7621 -109.8381,32.7621,-109.8381,Thatcher,Q512101,Graham County,Q58692,Arizona,Q816
17922,36.66701 -77.56581,36.667,-77.5658,,,Greensville County,Q340605,Virginia,Q1370
17934,33.49829 -90.2673,33.4983,-90.2673,,,Leflore County,Q497607,Mississippi,Q1494
17983,33.517109 -90.180428,33.5171,-90.1804,Greenwood,Q986376,Leflore County,Q497607,Mississippi,Q1494
17991,33.9335 -102.2409,33.9335,-102.2409,Littlefield,Q202736,Lamb County,Q112781,Texas,Q1439
17999,36.877355 -89.972295,36.8774,-89.9723,,,Stoddard,Q28089534,Missouri,Q1581
18019,36.66928 -89.9692,36.6693,-89.9692,Bernie,Q955330,Stoddard,Q28089534,Missouri,Q1581
18028,34.073725 -100.779335,34.0737,-100.7793,,,Motley County,Q483888,Texas,Q1439
18036,31.365265 -101.52137,31.3653,-101.5214,,,Reagan County,Q111851,Texas,Q1439
18099,34.186654 -101.943426,34.1867,-101.9434,,,Hale County,Q111622,Texas,Q1439
18395,36.38917 -77.75035,36.3892,-77.7504,,,Halifax County,Q509910,North Carolina,Q1454
18430,34.5306 -100.680835,34.5306,-100.6808,,,Hall County,Q108803,Texas,Q1439
18450,32.753731 -81.217667,32.7537,-81.2177,Lena,Q6522051,Hampton County,Q497880,South Carolina,Q1456
18496,28.81216 -95.940575,28.8122,-95.9406,,,Matagorda County,Q485910,Texas,Q1439
18602,36.09805 -119.55904,36.0981,-119.559,Corcoran,Q913487,Kings County,Q156358,California,Q99
18607,35.40119 -100.269895,35.4012,-100.2699,,,Wheeler County,Q111766,Texas,Q1439
18615,35.35604 -88.82692,35.356,-88.8269,,,Hardeman County,Q502437,Tennessee,Q1509
18661,34.677816 -99.964293,34.6778,-99.9643,,,Harmon County,Q486626,Oklahoma,Q1649
18670,35.39891 -78.81682,35.3989,-78.8168,Lillington,Q2029270,Harnett County,Q497861,North Carolina,Q1454
18682,35.3716 -78.8707,35.3716,-78.8707,,,Harnett County,Q497861,North Carolina,Q1454
18694,32.23992 -83.47054,32.2399,-83.4705,,,Pulaski County,Q498301,Georgia,Q1428
18718,35.60991 -89.285835,35.6099,-89.2858,,,Haywood County,Q502069,Tennessee,Q1509
18746,35.5819 -89.27893,35.5819,-89.2789,,,Haywood County,Q502069,Tennessee,Q1509
18793,31.81902 -82.61915,31.819,-82.6192,,,Jeff Davis County,Q493071,Georgia,Q1428
18805,31.35147 -85.34242,31.3515,-85.3424,Headland,Q79858,Henry County,Q501000,Alabama,Q173
19526,36.392205 -76.948765,36.3922,-76.9488,,,Hertford County,Q751202,North Carolina,Q1454
19536,26.09834 -98.26991,26.0983,-98.2699,,,Hidalgo County,Q26519,Texas,Q1439
19546,26.4097 -98.2242,26.4097,-98.2242,,,Hidalgo County,Q26519,Texas,Q1439
19554,26.29627 -98.12832,26.2963,-98.1283,,,Hidalgo County,Q26519,Texas,Q1439
19613,32.23505 -97.22996,32.2351,-97.23,,,Hill County,Q110384,Texas,Q1439
19645,33.4516 -88.7888,33.4516,-88.7888,Mississippi State,Q15253671,Oktibbeha County,Q497615,Mississippi,Q1494
19692,33.60661 -102.345715,33.6066,-102.3457,,,Hockley,Q3477808,Texas,Q1439
19702,33.77898 -102.46662,33.779,-102.4666,,,Hockley,Q3477808,Texas,Q1439
19711,33.82411 -89.79468,33.8241,-89.7947,,,Grenada County,Q490869,Mississippi,Q1494
19731,31.128395 -87.15194,31.1284,-87.1519,,,Escambia County,Q487744,Alabama,Q173
19747,32.3782 -101.61263,32.3782,-101.6126,,,Howard County,Q111380,Texas,Q1439
19808,36.2287 -120.0879,36.2287,-120.0879,Huron,Q2649652,Fresno County,Q271915,California,Q99
19815,36.60023 -89.64631,36.6002,-89.6463,,,New Madrid County,Q489779,Missouri,Q1581
19841,30.86423 -91.73659,30.8642,-91.7366,,,Pointe Coupee Parish,Q506951,Louisiana,Q1588
19851,30.86841 -91.74081,30.8684,-91.7408,,,Pointe Coupee Parish,Q506951,Louisiana,Q1588
19863,31.60106 -83.27211,31.6011,-83.2721,,,Irwin County,Q492057,Georgia,Q1428
19874,36.90727 -76.69059,36.9073,-76.6906,,,Isle of Wight County,Q338052,Virginia,Q1370
19886,33.49565 -90.31992,33.4957,-90.3199,Itta Bena,Q867490,Leflore County,Q497607,Mississippi,Q1494
20020,35.17494 -99.68999,35.1749,-99.69,Delhi,Q16736132,Beckham County,Q491646,Oklahoma,Q1649
20027,29.00379 -96.68519,29.0038,-96.6852,,,Jackson County,Q485030,Texas,Q1439
20057,36.356155 -77.48307,36.3562,-77.4831,,,Northampton County,Q506676,North Carolina,Q1454
20067,34.59673 -99.44071,34.5967,-99.4407,,,Jackson County,Q485030,Oklahoma,Q1649
20081,35.6139 -88.8194,35.6139,-88.8194,Jackson,Q985409,Madison County,Q494755,Tennessee,Q1509
20345,28.93546 -96.58748,28.9355,-96.5875,,,Jackson County,Q485030,Texas,Q1439
20376,34.1026 -102.8318,34.1026,-102.8318,Muleshoe,Q982501,Bailey County,Q107973,Texas,Q1439
20394,34.29721 -99.73977,34.2972,-99.7398,Quanah,Q974733,Hardeman County,Q109317,Texas,Q1439
20404,34.96502 -100.270485,34.965,-100.2705,,,Collingsworth County,Q111647,Texas,Q1439
20420,35.10526 -98.60331,35.1053,-98.6033,Carnegie,Q1982359,Caddo Parish,Q177562,Oklahoma,Q1649
20428,31.82233 -82.62091,31.8223,-82.6209,,,Jeff Davis County,Q493071,Georgia,Q1428
20457,34.01035 -102.41629,34.0104,-102.4163,Amherst,Q978696,Lamb County,Q112781,Texas,Q1439
20463,34.43642 -92.15035,34.4364,-92.1504,,,Jefferson County,Q488859,Arkansas,Q1612
20473,33.07667 -82.41881,33.0767,-82.4188,,,Jefferson County,Q486386,Georgia,Q1428
20482,33.616595 -99.73432,33.6166,-99.7343,,,Knox County,Q110570,Texas,Q1439
20489,31.57493 -81.91942,31.5749,-81.9194,,,Wayne County,Q491762,Georgia,Q1428
20512,33.18428 -90.22201,33.1843,-90.222,Tchula,Q953392,Holmes County,Q485426,Mississippi,Q1494
20523,36.899485 -76.68721,36.8995,-76.6872,Isle of Wight,Q6084077,Isle of Wight County,Q338052,Virginia,Q1370
20568,31.43477 -100.45087,31.4348,-100.4509,,,Tom Green County,Q113396,Texas,Q1439
20588,34.50249 -99.14093,34.5025,-99.1409,Tipton,Q1431314,Tillman County,Q489324,Oklahoma,Q1649
20619,33.51711 -90.18039,33.5171,-90.1804,Greenwood,Q986376,Leflore County,Q497607,Mississippi,Q1494
20640,36.87652 -89.58828,36.8765,-89.5883,Sikeston,Q961229,New Madrid County,Q489779,Missouri,Q1581
20808,36.87652 -89.58828,36.8765,-89.5883,Sikeston,Q961229,Scott County,Q496980,Missouri,Q1581
20944,36.87652 -89.58828,36.8765,-89.5883,Sikeston,Q961229,Mississippi County,Q490014,Missouri,Q1581
20977,32.69668 -82.66224,32.6967,-82.6622,,,Johnson County,Q163529,Georgia,Q1428
20986,35.536235 -78.386715,35.5362,-78.3867,,,Johnston County,Q497938,North Carolina,Q1454
21266,35.54303 -78.4009,35.543,-78.4009,,,Johnston County,Q497938,North Carolina,Q1454
21357,32.86956 -99.80837,32.8696,-99.8084,,,Jones County,Q483895,Texas,Q1439
21375,35.793 -90.54,35.793,-90.54,,,Craighead County,Q61354,Arkansas,Q1612
21397,31.5028 -91.9028,31.5028,-91.9028,Jonesville,Q3239810,Catahoula,Q3887862,Louisiana,Q1588
21407,35.60205 -90.51924,35.6021,-90.5192,Judd Hill,Q14680994,Poinsett County,Q61153,Arkansas,Q1612
21946,27.776965 -97.493187,27.777,-97.4932,,,Nueces River,Q1468723,Texas,Q1439
21967,37.630669 -98.9049,37.6307,-98.9049,Cullison,Q2422215,Pratt County,Q374604,Kansas,Q1558
21995,37.325199 -101.20842,37.3252,-101.2084,Moscow,Q1023006,Stevens County,Q402259,Kansas,Q1558
22020,35.67484 -90.09876,35.6748,-90.0988,Keiser,Q79488,Mississippi County,Q61157,Arkansas,Q1612
22643,33.34145 -102.20313,33.3415,-102.2031,Meadow,Q972571,Terry County,Q113864,Texas,Q1439
22652,33.17975 -102.27505,33.1798,-102.2751,Brownfield,Q981849,Terry County,Q113864,Texas,Q1439
22661,33.8911 -91.2569,33.8911,-91.2569,Kelso,Q6386523,Desha County,Q61029,Arkansas,Q1612
22678,31.33373 -99.85836,31.3337,-99.8584,,,Concho County,Q109795,Texas,Q1439
22717,34.5892 -92.0023,34.5892,-92.0023,Keo,Q2580662,Lonoke County,Q61143,Arkansas,Q1612
22725,35.95931 -88.44857,35.9593,-88.4486,,,Carroll County,Q494905,Tennessee,Q1509
22740,34.412238 -101.676943,34.4122,-101.6769,,,Swisher County,Q112882,Texas,Q1439
22756,29.298405 -96.24113,29.2984,-96.2411,,,Wharton County,Q483916,Texas,Q1439
22776,30.65452 -97.60251,30.6545,-97.6025,,,Williamson County,Q112686,Texas,Q1439
22794,33.2699 -93.57999,33.2699,-93.58,,,Lafayette County,Q61167,Arkansas,Q1612
22804,34.96071 -90.11391,34.9607,-90.1139,Lake Cormorant,Q6475466,DeSoto County,Q339724,Mississippi,Q1494
22855,36.3462693 -89.4759999,36.3463,-89.476,,,Lake County,Q494771,Tennessee,Q1509
22977,33.3324 -91.3183,33.3324,-91.3183,Lake Village,Q79351,Chicot County,Q61458,Arkansas,Q1612
22985,34.91618 -89.31828,34.9162,-89.3183,Lamar,Q572172,Lamar County,Q490896,Mississippi,Q1494
22995,34.069075 -102.350455,34.0691,-102.3505,,,Lamb County,Q112781,Texas,Q1439
23003,34.23717 -102.36276,34.2372,-102.3628,,,Lamb County,Q112781,Texas,Q1439
23068,32.73747 -99.87886,32.7375,-99.8789,,,Jones County,Q483895,Texas,Q1439
23082,32.3069 -106.77785,32.3069,-106.7779,Las Cruces,Q33264,Doña Ana County,Q112953,New Mexico,Q1522
23192,32.306728 -106.777733,32.3067,-106.7777,Las Cruces,Q33264,Doña Ana County,Q112953,New Mexico,Q1522
23224,35.74271 -89.649685,35.7427,-89.6497,,,Lauderdale County,Q502364,Tennessee,Q1509
23253,35.76919 -89.57265,35.7692,-89.5727,,,Lauderdale County,Q502364,Tennessee,Q1509
23431,27.74777 -97.66839,27.7478,-97.6684,,,Nueces River,Q1468723,Texas,Q1439
23451,32.57819 -85.348942,32.5782,-85.3489,,,Lee County,Q304065,Alabama,Q173
23463,32.19747 -90.54577,32.1975,-90.5458,Learned,Q2208799,Hinds County,Q486538,Mississippi,Q1494
23473,34.1817 -80.25604,34.1817,-80.256,,,Lee County,Q304065,South Carolina,Q1456
23483,34.87125 -90.400610523416,34.8713,-90.4006,,,Lee County,Q304065,Arkansas,Q1612
23503,36.19025 -89.78478,36.1903,-89.7848,,,Pemiscot County,Q497602,Missouri,Q1581
23581,34.1846 -80.27531,34.1846,-80.2753,,,Lee County,Q304065,South Carolina,Q1456
23736,"33.593102,-91.073852",33.5931,-91.0739,Leesburg,Q116535264,Scott County,Q496980,Mississippi,Q1494
23746,31.095675 -91.979115,31.0957,-91.9791,,,Avoyelles Parish,Q504435,Louisiana,Q1588
23756,36.30101 -119.78637,36.301,-119.7864,Lemoore,Q986940,Kings County,Q156358,California,Q99
23764,31.15483 -83.42983,31.1548,-83.4298,,,Cook County,Q156431,Georgia,Q1428
23776,35.76635 -89.58075,35.7664,-89.5808,,,Lauderdale County,Q502364,Tennessee,Q1509
23791,36.21338 -89.748055,36.2134,-89.7481,,,Pemiscot County,Q497602,Missouri,Q1581
23822,36.43087 -89.69294,36.4309,-89.6929,Portageville,Q968000,New Madrid County,Q489779,Missouri,Q1581
24595,36.43087 -89.69294,36.4309,-89.6929,Portageville,Q968000,Dunklin County,Q430938,Missouri,Q1581
24703,32.14975 -91.81854,32.1498,-91.8185,,,Franklin Parish,Q504391,Louisiana,Q1588
24714,33.95968 -91.75479,33.9597,-91.7548,,,Lincoln County,Q61294,Arkansas,Q1612
24734,35.14355 -86.58486,35.1436,-86.5849,,,Lincoln County,Q61294,Tennessee,Q1509
24790,36.26455 -89.4875,36.2646,-89.4875,Ridgely,Q2749132,Lake County,Q494771,Tennessee,Q1509
25047,34.78391 -91.90062,34.7839,-91.9006,,,Lonoke County,Q61143,Arkansas,Q1612
25057,37.06139 -120.84756,37.0614,-120.8476,Los Banos,Q590932,Merced County,Q109690,California,Q99
25065,30.84768 -83.27536,30.8477,-83.2754,,,Lowndes County,Q493134,Georgia,Q1428
25076,33.72958 -101.83551,33.7296,-101.8355,,,Lubbock County,Q111790,Texas,Q1439
25217,30.92433 -88.592857,30.9243,-88.5929,Lucedale,Q1822215,George County,Q485445,Mississippi,Q1494
25228,34.51364 -102.88346,34.5136,-102.8835,Bovina,Q981980,Parmer County,Q484521,Texas,Q1439
26150,32.678902 -89.348099,32.6789,-89.3481,Madden,Q6726598,Leake County,Q490835,Mississippi,Q1494
26161,32.37313 -91.21624,32.3731,-91.2162,,,Madison Parish,Q507180,Louisiana,Q1588
26187,29.604985 -96.524825,29.605,-96.5248,,,Colorado,Q5148681,Texas,Q1439
26207,36.561 -89.9952,36.561,-89.9952,Malden,Q954015,Dunklin County,Q430938,Missouri,Q1581
26248,35.87979 -90.16629,35.8798,-90.1663,Manila,Q79626,Mississippi County,Q61157,Arkansas,Q1612
26382,34.77396 -90.7667,34.774,-90.7667,Marianna,Q79582,Lee County,Q304065,Arkansas,Q1612
26498,34.7762 -90.8675,34.7762,-90.8675,,,Lee County,Q304065,Arkansas,Q1612
26977,33.27656 -112.187065,33.2766,-112.1871,Maricopa,Q79877,Pinal County,Q58712,Arizona,Q816
27134,33.80046 -101.18841,33.8005,-101.1884,Mount Blanco,,Crosby County,Q109279,Texas,Q1439
27164,34.39637 -103.03352,34.3964,-103.0335,Farwell,Q981214,Parmer County,Q484521,Texas,Q1439
27176,34.73232 -79.82966,34.7323,-79.8297,,,Marlboro County,Q512816,South Carolina,Q1456
27183,32.52733 -101.71597,32.5273,-101.716,,,Martin County,Q484551,Texas,Q1439
27199,32.30606 -101.434725,32.3061,-101.4347,,,Howard County,Q111380,Texas,Q1439
27239,34.5424 -90.9843,34.5424,-90.9843,Marvell,Q79467,Phillips County,Q61470,Arkansas,Q1612
27248,28.87744 -95.98854,28.8774,-95.9885,,,Matagorda County,Q485910,Texas,Q1439
27361,28.69127 -95.96757,28.6913,-95.9676,,,Matagorda County,Q485910,Texas,Q1439
27411,33.64968 -89.31205,33.6497,-89.3121,Bellefontaine,Q4883756,Webster County,Q486435,Mississippi,Q1494
27421,31.59588 -91.77926,31.5959,-91.7793,,,Catahoula,Q3887862,Louisiana,Q1588
27430,35.60025 -88.83211,35.6003,-88.8321,,,Madison County,Q494755,Tennessee,Q1509
27459,31.55921 -91.39821,31.5592,-91.3982,Natchez,Q944044,Adams County,Q108788,Mississippi,Q1494
27479,34.10951 -90.51152,34.1095,-90.5115,Mattson,Q6791887,Coahoma County,Q156575,Mississippi,Q1494
27499,29.38298 -99.05172,29.383,-99.0517,,,Medina County,Q110421,Texas,Q1439
27508,35.14976 -90.04925,35.1498,-90.0493,Memphis,Q16563,Shelby County,Q501602,Tennessee,Q1509
27753,36.7537 -120.37842,36.7537,-120.3784,Mendota,Q984601,Fresno County,Q271915,California,Q99
27768,"32.44,-89.75834",32.44,-89.7583,Leesburg,,Scott County,Q496980,Mississippi,Q1494
27778,35.88968 -98.44297,35.8897,-98.443,,,Blaine County,Q491623,Oklahoma,Q1649
27788,35.54893 -98.57838,35.5489,-98.5784,Hydro,Q2974873,Custer County,Q490716,Oklahoma,Q1649
27806,35.569612 -98.543894,35.5696,-98.5439,,,Blaine County,Q491623,Oklahoma,Q1649
27816,29.098875 -97.365805,29.0989,-97.3658,,,DeWitt County,Q26712,Texas,Q1439
27836,31.4615 -100.44242,31.4615,-100.4424,San Angelo,Q925598,Tom Green County,Q113396,Texas,Q1439
27884,31.949 -102.1718,31.949,-102.1718,Midland,Q128321,Midland County,Q483937,Texas,Q1439
27897,32.81885 -82.23482,32.8189,-82.2348,Midville,Q2206982,Burke County,Q211360,Georgia,Q1428
29159,33.41135 -102.15864,33.4114,-102.1586,Ropesville,Q1014938,Hockley,Q3477808,Texas,Q1439
29202,36.73115 -76.58895,36.7312,-76.589,Suffolk,Q112710714,Suffolk,Q342428,Virginia,Q1370
29364,33.466 -102.1861,33.466,-102.1861,Ropesville,Q1014938,Hockley,Q3477808,Texas,Q1439
29372,30.77098 -96.97796,30.771,-96.978,,,Milam County,Q26716,Texas,Q1439
29411,35.92075 -88.75879,35.9208,-88.7588,Milan,Q1856043,Gibson County,Q502442,Tennessee,Q1509
29515,31.17043 -84.745,31.1704,-84.745,,,Miller County,Q493107,Georgia,Q1428
29524,32.387997 -87.140057,32.388,-87.1401,,,Dallas County,Q488847,Alabama,Q173
29541,33.76269 -90.30479,33.7627,-90.3048,Minter City,Q6869609,Leflore County,Q497607,Mississippi,Q1494
29551,35.77091 -90.03526,35.7709,-90.0353,,,Mississippi County,Q61157,Arkansas,Q1612
29571,34.46743 -88.76183,34.4674,-88.7618,,,Oktibbeha County,Q497615,Mississippi,Q1494
29601,32.30667 -100.921885,32.3067,-100.9219,,,Mitchell County,Q112442,Texas,Q1439
29609,33.86991 -88.462155,33.8699,-88.4622,,,Monroe County,Q491276,Mississippi,Q1494
29619,35.324265 -79.8987,35.3243,-79.8987,,,Montgomery County,Q506697,North Carolina,Q1454
29659,35.34735 -79.93258,35.3474,-79.9326,,,Montgomery County,Q506697,North Carolina,Q1454
29710,32.818 -91.82162,32.818,-91.8216,,,Morehouse Parish,Q1125008,Louisiana,Q1588
29749,33.381279 -90.349121,33.3813,-90.3491,Morgan City,Q892742,Leflore County,Q497607,Mississippi,Q1494
29760,37.3252 -101.20842,37.3252,-101.2084,Moscow,Q1023006,Stevens County,Q402259,Kansas,Q1558
29787,34.44323 -87.851655,34.4432,-87.8517,,,Franklin County,Q488892,Alabama,Q173
29814,-83.39 31.35,31.35,-83.39,,,Berrien County,Q488868,Georgia,Q1428
29826,32.1015 -91.2929,32.1015,-91.2929,Newellton,Q2185881,Tensas Parish,Q512911,Louisiana,Q1588
29836,30.7734 -85.2357,30.7734,-85.2357,Marianna,Q1924806,Jackson County,Q485030,Florida,Q812
29906,34.7555 -87.97339,34.7555,-87.9734,,,Cherokee County,Q108832,Alabama,Q173
29915,36.2748 -90.0018,36.2748,-90.0018,,,Clay County,Q61330,Arkansas,Q1612
29955,34.19397 -88.71657,34.194,-88.7166,Verona,Q867136,Lee County,Q304065,Mississippi,Q1494
30406,36.44409 -77.4742,36.4441,-77.4742,,,Northampton County,Q506676,North Carolina,Q1454
30431,31.91788 -91.23275,31.9179,-91.2328,St. Joseph,Q2562831,Tensas Parish,Q512911,Louisiana,Q1588
30505,31.91788 -91.23275,31.9179,-91.2328,St. Joseph,Q2562831,Tensas Parish,Q512911,Louisiana,Q1588
30858,36.4625497 -77.191229,36.4625,-77.1912,,,Northampton County,Q506676,North Carolina,Q1454
30870,36.4828531 -77.420139,36.4829,-77.4201,,,Northampton County,Q506676,North Carolina,Q1454
30879,33.106955 -88.55928,33.107,-88.5593,,,Noxubee County,Q490215,Mississippi,Q1494
30889,27.88986 -97.87974,27.8899,-97.8797,,,Nueces River,Q1468723,Texas,Q1439
30909,-83.2 31.53,31.53,-83.2,,,Irwin County,Q492057,Georgia,Q1428
30921,35.21553 -99.866653,35.2155,-99.8667,Erick,Q612755,Beckham County,Q491646,Oklahoma,Q1649
30935,35.85844 -98.421844,35.8584,-98.4218,Hydro,Q2974873,Blaine County,Q491623,Oklahoma,Q1649
30944,35.41888 -99.2803,35.4189,-99.2803,,,Washita County,Q495958,Oklahoma,Q1649
30994,34.78356 -99.33175,34.7836,-99.3318,,,Jackson County,Q485030,Oklahoma,Q1649
31069,34.50746 -98.97919,34.5075,-98.9792,,,Tillman County,Q489324,Oklahoma,Q1649
31144,35.32062 -99.62425,35.3206,-99.6243,,,Beckham County,Q491646,Oklahoma,Q1649
31169,36.356312 -97.707176,36.3563,-97.7072,Fairmont,Q2187895,Garfield County,Q484729,Oklahoma,Q1649
31176,34.76863 -99.83334,34.7686,-99.8333,,,Harmon County,Q486626,Oklahoma,Q1649
31201,35.70989 -98.81099,35.7099,-98.811,,,Custer County,Q490716,Oklahoma,Q1649
31226,32.48811 -92.18967,32.4881,-92.1897,,,Ouachita Parish,Q507078,Louisiana,Q1588
31264,37.27427 -97.16973,37.2743,-97.1697,Oxford,Q1818312,Sumner County,Q375125,Kansas,Q1558
31273,34.61933 -89.96107,34.6193,-89.9611,Senatobia,Q2073595,Tate County,Q486526,Mississippi,Q1494
31620,37.77347 -75.6529,37.7735,-75.6529,,,Accomack County,Q49289,Virginia,Q1370
31696,35.39518 -100.80277,35.3952,-100.8028,,,Gray County,Q109312,Texas,Q1439
31704,33.768 -114.4707,33.768,-114.4707,,,La Paz County,Q58759,Arizona,Q816
31714,34.14988 -114.2888,34.1499,-114.2888,Parker,Q916314,La Paz County,Q58759,Arizona,Q816
31724,31.829765 -99.975005,31.8298,-99.975,,,Runnels County,Q112634,Texas,Q1439
31764,34.25801 -79.47829,34.258,-79.4783,Pee Dee,Q1687905,Marion County,Q502456,South Carolina,Q1456
31772,34.19363 -79.76906,34.1936,-79.7691,Florence,Q597842,Florence County,Q505987,South Carolina,Q1456
32065,34.19363 -79.76906,34.1936,-79.7691,,,Florence County,Q505987,South Carolina,Q1456
32427,34.30979 -79.74386,34.3098,-79.7439,,,Florence County,Q505987,South Carolina,Q1456
32437,34.29883 -79.73623,34.2988,-79.7362,,,Darlington County,Q502285,South Carolina,Q1456
32447,33.28239 -86.683595,33.2824,-86.6836,,,Shelby County,Q501084,Alabama,Q173
32461,34.48178 -90.77905,34.4818,-90.7791,,,Phillips County,Q61470,Arkansas,Q1612
32481,32.4497 -111.1062,32.4497,-111.1062,Marana,Q762743,Pima County,Q58688,Arizona,Q816
32490,33.2214 -102.8393,33.2214,-102.8393,Plains,Q982455,Yoakum County,Q112619,Texas,Q1439
32524,33.222731 -102.610824,33.2227,-102.6108,,,Yoakum County,Q112619,Texas,Q1439
32544,32.03682 -84.3883,32.0368,-84.3883,Plains,Q608527,Sumter County,Q503076,Georgia,Q1428
33970,33.18661 -102.81865,33.1866,-102.8187,Plains,Q982455,Yoakum County,Q112619,Texas,Q1439
34046,34.19765 -101.69813,34.1977,-101.6981,Plainview,Q982448,Hale County,Q111622,Texas,Q1439
34080,32.53602 -85.89384,32.536,-85.8938,Tallassee,Q79215,Elmore County,Q494630,Alabama,Q173
34320,34.0965 -80.17508,34.0965,-80.1751,,,Lee County,Q304065,South Carolina,Q1456
34330,34.09721 -80.174637,34.0972,-80.1746,,,Lee County,Q304065,South Carolina,Q1456
34340,35.56999 -90.62691,35.57,-90.6269,,,Poinsett County,Q61153,Arkansas,Q1612
34350,30.69432 -91.56029,30.6943,-91.5603,,,Pointe Coupee Parish,Q506951,Louisiana,Q1588
34360,30.70626 -91.57892,30.7063,-91.5789,,,Pointe Coupee Parish,Q506951,Louisiana,Q1588
34407,31.12509 -92.26013,31.1251,-92.2601,,,Rapides Parish,Q503870,Louisiana,Q1588
34417,28.61596 -96.62357,28.616,-96.6236,Port Lavaca,Q982477,Calhoun County,Q489377,Texas,Q1439
34448,-89.706463 36.394123,36.3941,-89.7065,,,Pemiscot County,Q497602,Missouri,Q1581
34459,33.2487 -91.4843,33.2487,-91.4843,,,Ashley County,Q61026,Arkansas,Q1612
34479,33.23649 -91.51314,33.2365,-91.5131,Portland,Q80163,Ashley County,Q61026,Arkansas,Q1612
34488,33.99116 -114.39995,33.9912,-114.4,Poston,Q1855103,La Paz County,Q58759,Arizona,Q816
34496,33.90946 -88.45344,33.9095,-88.4534,,,Monroe County,Q491276,Mississippi,Q1494
34506,37.64443 -98.73948,37.6444,-98.7395,,,Pratt County,Q374604,Kansas,Q1558
34549,37.64884 -98.72339,37.6488,-98.7234,,,Pratt County,Q374604,Kansas,Q1558
34577,32.46185 -86.45075,32.4619,-86.4508,Prattville,Q79509,Autauga County,Q156168,Alabama,Q173
35034,32.24773 -83.47608,32.2477,-83.4761,,,Pulaski County,Q498301,Georgia,Q1428
35052,33.1662 -111.4868,33.1662,-111.4868,,,Maricopa County,Q58691,Arizona,Q816
35062,33.24467 -111.63452,33.2447,-111.6345,Queen Creek,Q985299,Maricopa County,Q58691,Arizona,Q816
35072,30.85284 -83.57261,30.8528,-83.5726,,,Brooks County,Q488175,Georgia,Q1428
35084,33.592897 -101.410395,33.5929,-101.4104,,,Crosby County,Q109279,Texas,Q1439
35094,31.11291 -92.24641,31.1129,-92.2464,Echo,Q17515231,Rapides Parish,Q503870,Louisiana,Q1588
35153,35.18434 -89.8164,35.1843,-89.8164,,,Shelby County,Q501602,Tennessee,Q1509
35205,32.25938 -90.4228,32.2594,-90.4228,Raymond,Q1779125,Hinds County,Q486538,Mississippi,Q1494
35280,32.40695 -90.46141,32.407,-90.4614,,,Hinds County,Q486538,Mississippi,Q1494
35364,36.2634 -90.29275,36.2634,-90.2928,Rector,Q79382,Clay County,Q61330,Arkansas,Q1612
35382,32.1001 -93.2912,32.1001,-93.2912,Coushatta,Q2032769,Red River Parish,Q507126,Louisiana,Q1588
35392,32.57368 -111.32727,32.5737,-111.3273,Red Rock,Q7304894,Pinal County,Q58712,Arizona,Q816
35400,28.45866 -96.89278,28.4587,-96.8928,,,Refugio County,Q26705,Texas,Q1439
35410,28.000075 -97.522225,28.0001,-97.5222,,,San Patricio County,Q113132,Texas,Q1439
35560,38.12279 -97.76635,38.1228,-97.7664,,,Reno,Q17199075,Kansas,Q1558
35576,37.98459 -98.03486,37.9846,-98.0349,,,Reno,Q17199075,Kansas,Q1558
35590,33.59499 -101.61676,33.595,-101.6168,Acuff,Q4677866,Lubbock County,Q111790,Texas,Q1439
35629,34.416271 -90.444557,34.4163,-90.4446,Rich,Q7323150,Coahoma County,Q156575,Mississippi,Q1494
35639,26.409675 -98.224065,26.4097,-98.2241,,,Hidalgo County,Q26519,Texas,Q1439
35659,32.72207 -99.84325,32.7221,-99.8433,,,Jones County,Q483895,Texas,Q1439
35672,35.32366 -80.27849,35.3237,-80.2785,,,Stanly County,Q507798,North Carolina,Q1454
35682,32.41465 -91.76495,32.4147,-91.765,,,Richland Parish,Q507028,Louisiana,Q1588
35726,34.86291 -100.2048,34.8629,-100.2048,Wellington,Q979761,Collingsworth County,Q111647,Texas,Q1439
35736,34.62647 -79.13329,34.6265,-79.1333,,,Robeson County,Q507733,North Carolina,Q1454
35750,35.94884 -77.79499,35.9488,-77.795,Rocky Mount,Q1021026,Edgecombe County,Q118127,North Carolina,Q1454
35802,34.34274 -98.87128,34.3427,-98.8713,Hollister,Q2837518,Tillman County,Q489324,Oklahoma,Q1649
35808,33.76096 -91.27501,33.761,-91.275,Rohwer,Q7359850,Desha County,Q61029,Arkansas,Q1612
36354,32.03111 -100.13192,32.0311,-100.1319,,,Runnels County,Q112634,Texas,Q1439
36385,32.60761 -93.752565,32.6076,-93.7526,,,Caddo Parish,Q177562,Louisiana,Q1588
36405,32.83437 -109.70826,32.8344,-109.7083,Safford,Q79767,Graham County,Q58692,Arizona,Q816
36544,27.95808 -97.77217,27.9581,-97.7722,San Patricio,Q974215,Nueces River,Q1468723,Texas,Q1439
36812,33.16302 -111.56461,33.163,-111.5646,San Tan Valley,Q5241708,Maricopa County,Q58691,Arizona,Q816
36824,33.16391 -111.56539,33.1639,-111.5654,San Tan Valley,Q5241708,Pinal County,Q58712,Arizona,Q816
36832,34.28777 -85.9877,34.2878,-85.9877,Crossville,Q67163,DeKalb County,Q494626,Alabama,Q173
36857,34.836825 -79.509595,34.8368,-79.5096,,,Scotland County,Q506690,North Carolina,Q1454
37131,34.87138 -79.48198,34.8714,-79.482,,,Scotland County,Q506690,North Carolina,Q1454
37222,36.25778 -77.618225,36.2578,-77.6182,,,Halifax County,Q509910,North Carolina,Q1454
37232,31.487552 -82.015835,31.4876,-82.0158,,,Screven County,Q503511,Georgia,Q1428
37241,36.49192 -77.44075,36.4919,-77.4408,Seaboard,Q2026315,Northampton County,Q506676,North Carolina,Q1454
37253,32.30191593 -85.97899,32.3019,-85.979,,,Macon County,Q502777,Alabama,Q173
37254,32.30191593 -85.97898,32.3019,-85.979,,,Macon County,Q502777,Alabama,Q173
37255,32.30191593 -85.97900,32.3019,-85.979,,,Macon County,Q502777,Alabama,Q173
37256,32.30191593 -85.97897,32.3019,-85.979,,,Macon County,Q502777,Alabama,Q173
37257,32.30191593 -85.97896,32.3019,-85.979,,,Macon County,Q502777,Alabama,Q173
37258,32.30191593 -85.97901,32.3019,-85.979,,,Macon County,Q502777,Alabama,Q173
37259,36.13821 -90.15922,36.1382,-90.1592,Senath,Q960374,Dunklin County,Q430938,Missouri,Q1581
37631,35.346 -119.2217,35.346,-119.2217,Shafter,Q985258,Kern County,Q108047,California,Q99
37651,35.13903 -89.88222,35.139,-89.8822,,,Shelby County,Q501602,Tennessee,Q1509
37717,33.33147 -89.74096,33.3315,-89.741,Vaiden,Q2300891,Carroll County,Q494905,Mississippi,Q1494
37737,32.40042 -85.94947,32.4004,-85.9495,Shorter,Q67960,Macon County,Q502777,Alabama,Q173
37854,32.400421 -85.949471,32.4004,-85.9495,Shorter,Q67960,Macon County,Q502777,Alabama,Q173
37864,34.12266 -89.39577,34.1227,-89.3958,Slate Springs,Q2533932,Calhoun County,Q489377,Mississippi,Q1494
37874,34.430119 -90.217857,34.4301,-90.2179,Sledge,Q2034205,Quitman County,Q490266,Mississippi,Q1494
37884,30.54568 -96.43346,30.5457,-96.4335,,,Burleson County,Q108821,Texas,Q1439
37896,32.56311 -97.32182,32.5631,-97.3218,,,Burleson County,Q108821,Texas,Q1439
37908,36.70405 -77.09653,36.7041,-77.0965,,,Southampton County,Q337915,Virginia,Q1370
37973,34.93422 -78.39272,34.9342,-78.3927,,,Sampson County,Q507722,North Carolina,Q1454
37983,35.008095 -90.776445,35.0081,-90.7764,,,St. Francis County,Q61145,Arkansas,Q1612
38003,31.944788 -91.227166,31.9448,-91.2272,,,Tensas Parish,Q512911,Louisiana,Q1588
38013,32.03825 -91.24251,32.0383,-91.2425,St. Joseph,Q2562831,Tensas Parish,Q512911,Louisiana,Q1588
38498,31.9504 -91.3766,31.9504,-91.3766,St. Joseph,Q2562831,Tensas Parish,Q512911,Louisiana,Q1588
38586,33.66385 -80.77627,33.6639,-80.7763,St. Matthews,Q1193941,Calhoun County,Q489377,South Carolina,Q1456
38733,35.85744 -101.87457,35.8574,-101.8746,,,Moore County,Q156464,Texas,Q1439
38747,32.8181 -111.9532,32.8181,-111.9532,,,Pinal County,Q58712,Arizona,Q816
38788,33.465919 -88.812881,33.4659,-88.8129,Starkville,Q770470,Oktibbeha County,Q497615,Mississippi,Q1494
38796,29.52551 -95.75685,29.5255,-95.7569,,,Fort Bend County,Q26895,Texas,Q1439
38816,37.22812 -101.321,37.2281,-101.321,,,Stevens County,Q402259,Kansas,Q1558
38895,36.74065 -76.65498,36.7407,-76.655,,,Suffolk,Q342428,Virginia,Q1370
39173,37.11411 -76.88378,37.1141,-76.8838,,,Surry County,Q506209,Virginia,Q1370
39185,26.06698 98.00935,26.067,-98.0094,,,Hidalgo County,Q26519,Texas,Q1439
39195,-83.66 31.52,31.52,-83.66,,,Worth County,Q486154,Georgia,Q1428
39207,32.06474 -82.06551,32.0647,-82.0655,,,Tattnall County,Q505310,Georgia,Q1428
39214,32.54165 -86.31093,32.5417,-86.3109,,,Elmore County,Q494630,Alabama,Q173
39226,33.1467 -90.274,33.1467,-90.274,Tchula,Q953392,Holmes County,Q485426,Mississippi,Q1494
39246,31.93691 -82.9383,31.9369,-82.9383,,,Telfair County,Q691614,Georgia,Q1428
39258,32.02012 -91.31672,32.0201,-91.3167,,,Tensas Parish,Q512911,Louisiana,Q1588
39291,31.98505 -91.32784,31.9851,-91.3278,,,Tensas Parish,Q512911,Louisiana,Q1588
39309,34.72417 -100.53432,34.7242,-100.5343,Memphis,Q979971,Hall County,Q108803,Texas,Q1439
39320,32.563078 -97.322142,32.5631,-97.3221,,,Burleson County,Q108821,Texas,Q1439
39330,30.85319 -96.976844,30.8532,-96.9768,,,Cameron County,Q27051,Texas,Q1439
39339,33.800461 -101.188408,33.8005,-101.1884,Mount Blanco,,Crosby County,Q109279,Texas,Q1439
39353,32.736462 -101.952087,32.7365,-101.9521,Lamesa,Q970422,Dawson County,Q110670,Texas,Q1439
39361,29.098874 -97.365803,29.0989,-97.3658,,,DeWitt County,Q26712,Texas,Q1439
39370,29.525496 -95.756851,29.5255,-95.7569,,,Fort Bend County,Q26895,Texas,Q1439
39379,"34.188591,-101.952927",34.1886,-101.9529,Halfway,Q116535266,Hale County,Q111622,Texas,Q1439
39387,26.098342 -98.269917,26.0983,-98.2699,,,Hidalgo County,Q26519,Texas,Q1439
39405,33.41135 -102.158638,33.4114,-102.1586,Ropesville,Q1014938,Hockley,Q3477808,Texas,Q1439
39413,33.166439 -101.796448,33.1664,-101.7964,Tahoka,Q982084,Lynn County,Q114323,Texas,Q1439
39421,28.691225 -95.967544,28.6912,-95.9675,,,Matagorda County,Q485910,Texas,Q1439
39431,29.79999 -99.252149,29.8,-99.2521,,,Medina County,Q110421,Texas,Q1439
39441,31.432909 -93.844991,31.4329,-93.845,,,Milam County,Q26716,Texas,Q1439
39451,34.39637 -103.033524,34.3964,-103.0335,Farwell,Q981214,Parmer County,Q484521,Texas,Q1439
39465,28.305989 -97.275,28.306,-97.275,,,Refugio County,Q26705,Texas,Q1439
39485,31.829765 -99.975002,31.8298,-99.975,,,Runnels County,Q112634,Texas,Q1439
39500,31.4615 -100.442421,31.4615,-100.4424,San Angelo,Q925598,Tom Green County,Q113396,Texas,Q1439
39533,31.39591 -100.689552,31.3959,-100.6896,,,Tom Green County,Q113396,Texas,Q1439
39572,29.32036 -96.099164,29.3204,-96.0992,,,Wharton County,Q483916,Texas,Q1439
39582,33.6095 -101.9051,33.6095,-101.9051,Lubbock,Q49273,Lubbock County,Q111790,Texas,Q1439
39746,32.84915 -109.76,32.8492,-109.76,Thatcher,Q512101,Graham County,Q58692,Arizona,Q816
39764,32.8601 -109.7726,32.8601,-109.7726,,,Graham County,Q58692,Arizona,Q816
39788,30.59212 -97.29424,30.5921,-97.2942,Thrall,Q981691,Williamson County,Q112686,Texas,Q1439
39988,36.731157 -76.588952,36.7312,-76.589,,,Suffolk,Q342428,Virginia,Q1370
40020,31.46102 -83.52077,31.461,-83.5208,,,Tift County,Q498346,Georgia,Q1428
40029,31.45138 -83.50932,31.4514,-83.5093,Tifton,Q2729512,Tift County,Q498346,Georgia,Q1428
41357,34.3767 -98.923835,34.3767,-98.9238,,,Tillman County,Q489324,Oklahoma,Q1649
41371,36.06506 -119.31513,36.0651,-119.3151,Tipton,Q2849923,Tulare County,Q109686,California,Q99
41379,35.506425 -89.8245,35.5064,-89.8245,,,Tipton County,Q474999,Tennessee,Q1509
41450,35.48631 -89.76127,35.4863,-89.7613,,,Tipton County,Q474999,Tennessee,Q1509
41460,32.74306 -100.4012,32.7431,-100.4012,,,Fisher County,Q109975,Texas,Q1439
41470,31.63518 -100.65898,31.6352,-100.659,,,Tom Green County,Q113396,Texas,Q1439
41501,36.30662 -101.92898,36.3066,-101.929,,,Sherman County,Q114423,Texas,Q1439
41516,34.81759 -99.85977,34.8176,-99.8598,,,Harmon County,Q486626,Oklahoma,Q1649
41526,34.68178 -99.91247,34.6818,-99.9125,Hollis,Q525880,Harmon County,Q486626,Oklahoma,Q1649
41543,34.70577 -99.965,34.7058,-99.965,,,Harmon County,Q486626,Oklahoma,Q1649
41552,31.08501 -92.0312,31.085,-92.0312,,,Avoyelles Parish,Q504435,Louisiana,Q1588
41563,33.45461 -90.99426,33.4546,-90.9943,Tribbett,Q7840342,Washington County,Q484643,Mississippi,Q1494
41852,33.34698 -90.79868,33.347,-90.7987,Tribbett,Q7840342,Washington County,Q484643,Mississippi,Q1494
41930,34.5509 -101.7483,34.5509,-101.7483,Tulia,Q974357,Swisher County,Q112882,Texas,Q1439
41998,31.54662 -83.85055,31.5466,-83.8506,,,Worth County,Q486154,Georgia,Q1428
42019,30.46923 -83.87843,30.4692,-83.8784,,,Jefferson County,Q488859,Florida,Q812
42032,32.57133 -89.12191,32.5713,-89.1219,Union,Q2301085,Neshoba County,Q426398,Mississippi,Q1494
42042,33.942509 -113.177147,33.9425,-113.1771,Aguila,Q3476619,Maricopa County,Q58691,Arizona,Q816
42058,32.825321 -113.442139,32.8253,-113.4421,Aztec,Q5715129,Yuma County,Q58698,Arizona,Q816
42068,31.88204 -109.661163,31.882,-109.6612,Sunizona,Q7640397,Cochise County,Q58774,Arizona,Q816
42077,32.977619 -111.517029,32.9776,-111.517,Coolidge,Q80067,Pinal County,Q58712,Arizona,Q816
42087,33.058472 -112.048012,33.0585,-112.048,Maricopa,Q79877,Pinal County,Q58712,Arizona,Q816
42142,33.436298 -112.358299,33.4363,-112.3583,Goodyear,Q79457,Maricopa County,Q58691,Arizona,Q816
42153,32.460571 -111.218109,32.4606,-111.2181,Marana,Q762743,Pima County,Q58688,Arizona,Q816
42163,34.149879 -114.288803,34.1499,-114.2888,Parker,Q916314,La Paz County,Q58759,Arizona,Q816
42173,32.83437 -109.708237,32.8344,-109.7082,Safford,Q79767,Graham County,Q58692,Arizona,Q816
42230,32.849152 -109.760017,32.8492,-109.76,Thatcher,Q512101,Graham County,Q58692,Arizona,Q816
42240,32.684849 -114.624611,32.6849,-114.6246,Yuma,Q79820,Yuma County,Q58698,Arizona,Q816
42287,33.050386 -81.928955,33.0504,-81.929,,,Burke County,Q211360,Georgia,Q1428
42305,32.413805 -82.086544,32.4138,-82.0865,,,Candler County,Q488224,Georgia,Q1428
42314,31.172165 -84.733384,31.1722,-84.7334,,,Colquitt County,Q113005,Georgia,Q1428
42323,32.348745 -81.333687,32.3487,-81.3337,,,Effingham County,Q156637,Georgia,Q1428
42332,33.532195 -82.130534,33.5322,-82.1305,,,Evans County,Q493044,Georgia,Q1428
42350,31.620785 -83.249672,31.6208,-83.2497,,,Irwin County,Q492057,Georgia,Q1428
42359,31.82123 -82.633858,31.8212,-82.6339,,,Jeff Davis County,Q493071,Georgia,Q1428
42377,34.118657 -83.570979,34.1187,-83.571,,,Jefferson County,Q486386,Georgia,Q1428
42395,32.780346 -81.957836,32.7803,-81.9578,,,Jenkins County,Q389551,Georgia,Q1428
42404,32.66585 -82.69574,32.6659,-82.6957,,,Johnson County,Q163529,Georgia,Q1428
42413,31.775135 -84.747234,31.7751,-84.7472,,,Randolph County,Q498307,Georgia,Q1428
42422,32.67519 -83.418831,32.6752,-83.4188,,,Twiggs County,Q503551,Georgia,Q1428
42431,31.5782 -81.879993,31.5782,-81.88,,,Wayne County,Q491762,Georgia,Q1428
42440,31.583924 -83.84116,31.5839,-83.8412,,,Worth County,Q486154,Georgia,Q1428
42449,29.0129 -96.6883,29.0129,-96.6883,El toro,Q116534727,Jackson County,Q485030,Texas,Q1439
42451,29.2095 -99.7858,29.2095,-99.7858,Uvalde,Q868860,Uvalde County,Q26697,Texas,Q1439
42453,33.65497 -90.05395,33.655,-90.054,,,Carroll County,Q494905,Mississippi,Q1494
42473,33.9472 -89.1968,33.9472,-89.1968,Vardaman,Q2300967,Calhoun County,Q489377,Mississippi,Q1494
42483,31.19831 100.06056,31.1983,-100.0606,,,Concho County,Q109795,Texas,Q1439
42494,28.80593 -97.00357,28.8059,-97.0036,,,Victoria County,Q26699,Texas,Q1439
42541,32.15722 -83.79359,32.1572,-83.7936,,,Dooly County,Q492036,Georgia,Q1428
42553,33.65278 -80.747609,33.6528,-80.7476,,,Calhoun County,Q489377,South Carolina,Q1456
42563,33.652744 -80.747704,33.6527,-80.7477,,,Calhoun County,Q489377,South Carolina,Q1456
42573,35.861985 -76.60028,35.862,-76.6003,,,Washington County,Q484643,North Carolina,Q1454
42769,32.96578 -82.79696,32.9658,-82.797,,,Washington County,Q484643,Georgia,Q1428
42781,35.8663 -76.58688,35.8663,-76.5869,,,Washington County,Q484643,North Carolina,Q1454
42872,35.28134 -98.9913,35.2813,-98.9913,,,Washita County,Q495958,Oklahoma,Q1649
42879,31.835 -91.3655,31.835,-91.3655,Waterproof,Q2297051,Tensas Parish,Q512911,Louisiana,Q1588
42889,35.372205 -78.052255,35.3722,-78.0523,,,Wayne County,Q506569,North Carolina,Q1454
42909,31.57747 -81.92089,31.5775,-81.9209,,,Wayne County,Q491762,Georgia,Q1428
42927,32.87312 -91.4302,32.8731,-91.4302,,,West Carroll Parish,Q1139827,Louisiana,Q1588
42932,34.01461 -118.2256,34.0146,-118.2256,Westside,Q1410741,Los Angeles County,Q104994,California,Q99
42945,30.95138 -87.15109,30.9514,-87.1511,Jay,Q962926,Santa Rosa County,Q494500,Florida,Q812
43051,29.28921 -96.19214,29.2892,-96.1921,,,Wharton County,Q483916,Texas,Q1439
43062,29.32036 -96.09916,29.3204,-96.0992,,,Wharton County,Q483916,Texas,Q1439
43105,35.42764 -101.32846,35.4276,-101.3285,,,Carson County,Q109155,Texas,Q1439
43117,26.44601 -97.72396,26.446,-97.724,,,Willacy County,Q114503,Texas,Q1439
43127,31.9774 -109.8591,31.9774,-109.8591,,,Cochise County,Q58774,Arizona,Q816
43137,32.25314 -109.83208,32.2531,-109.8321,Willcox,Q79450,Cochise County,Q58774,Arizona,Q816
43145,30.62105 -97.67144,30.6211,-97.6714,,,Williamson County,Q112686,Texas,Q1439
43154,30.59317 -97.69145,30.5932,-97.6915,,,Williamson County,Q112686,Texas,Q1439
43198,35.719905 -77.926805,35.7199,-77.9268,,,Wilson County,Q510900,North Carolina,Q1454
43208,37.24081 -96.9972,37.2408,-96.9972,Winfield,Q628263,Cowley County,Q376464,Kansas,Q1558
43231,32.140916 -91.699816,32.1409,-91.6998,,,Franklin Parish,Q504391,Louisiana,Q1588
43241,35.21142 -91.25571,35.2114,-91.2557,,,Woodruff County,Q61204,Arkansas,Q1612
43251,36.42938 -120.10307,36.4294,-120.1031,"Five Points, Fresno County, California",Q5456075,Fresno County,Q271915,California,Q99
43305,32.84779 -90.41503,32.8478,-90.415,Yazoo City,Q983832,Yazoo,Q1201857,Mississippi,Q1494
43354,29.06157 -97.471149,29.0616,-97.4711,,,DeWitt County,Q26712,Texas,Q1439
43364,32.68485 -114.62461,32.6849,-114.6246,Yuma,Q79820,Yuma County,Q58698,Arizona,Q816
43460,32.8257 -113.52519,32.8257,-113.5252,,,Yuma County,Q58698,Arizona,Q816
